id,brandId,name,branch,address,district,mainGroup,foodTypes,cuisines,desserts,drinks,status,note,source
1,chivago-chicken,Chivago Chicken,Nguyễn Thái Học,161 Nguyễn Thái Học,Quận 1,Đồ ăn,Đồ khô; Ăn vặt; Gà rán,Hàn Quốc,,,Đã xác minh,Gà rán Hàn Quốc & bia,https://shopeefood.vn/thuong-hieu/chivago-chicken-ga-ran-han-quoc-bia
2,chivago-chicken,Chivago Chicken,Hoa Đào,8 Hoa Đào,Phú Nhuận,Đồ ăn,Đồ khô; Ăn vặt; Gà rán,Hàn Quốc,,,Đã xác minh,,https://shopeefood.vn/thuong-hieu/chivago-chicken-ga-ran-han-quoc-bia
3,chivago-chicken,Chivago Chicken,Nguyễn Tri Phương,304 Nguyễn Tri Phương,Quận 10,Đồ ăn,Đồ khô; Ăn vặt; Gà rán,Hàn Quốc,,,Đã xác minh,,https://shopeefood.vn/thuong-hieu/chivago-chicken-ga-ran-han-quoc-bia
4,chivago-chicken,Chivago Chicken,Nguyễn Thị Thập,318 Nguyễn Thị Thập,Quận 7,Đồ ăn,Đồ khô; Ăn vặt; Gà rán,Hàn Quốc,,,Đã xác minh,,https://shopeefood.vn/thuong-hieu/chivago-chicken-ga-ran-han-quoc-bia
5,chivago-chicken,Chivago Chicken,Đường Số 2,"6D Đường Số 2, An Khánh",Thủ Đức,Đồ ăn,Đồ khô; Ăn vặt; Gà rán,Hàn Quốc,,,Đã xác minh,,https://shopeefood.vn/thuong-hieu/chivago-chicken-ga-ran-han-quoc-bia
6,pizza-lam,Pizza Lam,Bà Điểm,"64/1B Nguyễn Thị Sóc, Bà Điểm",Hóc Môn,Đồ ăn,Đồ khô; Ăn vặt; Pizza,Âu/Mỹ,,,Đã xác minh,,https://www.google.com/maps/search/?api=1&query=Pizza+Lam+64%2F1B+Nguy%E1%BB%85n+Th%E1%BB%8B+S%C3%B3c%2C+B%C3%A0+%C4%90i%E1%BB%83m
7,kokoria,Kokoria,Ba Tháng Hai,207/33 Ba Tháng Hai,Quận 10,Đồ ăn,Đồ khô; Ăn vặt; Gà rán,Hàn Quốc,,,Đã xác minh,,https://kokoria.food/cua-hang/
8,kokoria,Kokoria,Lê Văn Duyệt,106 Lê Văn Duyệt,Bình Thạnh,Đồ ăn,Đồ khô; Ăn vặt; Gà rán,Hàn Quốc,,,Đã xác minh,,https://kokoria.food/cua-hang/
9,kokoria,Kokoria,Xô Viết Nghệ Tĩnh,323 Xô Viết Nghệ Tĩnh,Bình Thạnh,Đồ ăn,Đồ khô; Ăn vặt; Gà rán,Hàn Quốc,,,Đã xác minh,,https://kokoria.food/cua-hang/
10,kokoria,Kokoria,Vinhomes Grand Park,"Shophouse 01S04, tòa S203, khu Rainbow, Vinhomes Grand Park",Thủ Đức,Đồ ăn,Đồ khô; Ăn vặt; Gà rán,Hàn Quốc,,,Đã xác minh,,https://kokoria.food/cua-hang/
11,kokoria,Kokoria,Phan Văn Trị,699 Phan Văn Trị,Gò Vấp,Đồ ăn,Đồ khô; Ăn vặt; Gà rán,Hàn Quốc,,,Đã xác minh,,https://kokoria.food/cua-hang/
12,kokoria,Kokoria,Sư Vạn Hạnh,573/2 Sư Vạn Hạnh,Quận 10,Đồ ăn,Đồ khô; Ăn vặt; Gà rán,Hàn Quốc,,,Đã xác minh,,https://kokoria.food/cua-hang/
13,kokoria,Kokoria,Trương Công Định,28 Trương Công Định,Tân Bình,Đồ ăn,Đồ khô; Ăn vặt; Gà rán,Hàn Quốc,,,Đã xác minh,,https://kokoria.food/cua-hang/
14,kokoria,Kokoria,Nguyễn Ảnh Thủ,29A Nguyễn Ảnh Thủ,Quận 12,Đồ ăn,Đồ khô; Ăn vặt; Gà rán,Hàn Quốc,,,Đã xác minh,,https://kokoria.food/cua-hang/
15,hanuri,Hanuri,Sư Vạn Hạnh,736 Sư Vạn Hạnh,Quận 10,Đồ ăn,Đồ nước; Đồ khô; Ăn vặt,Hàn Quốc,,,Đã xác minh,,https://hanuri.food/
16,hanuri,Hanuri,Nguyễn Đình Chiểu,284A Nguyễn Đình Chiểu,Quận 3,Đồ ăn,Đồ nước; Đồ khô; Ăn vặt,Hàn Quốc,,,Đã xác minh,,https://hanuri.food/
17,hanuri,Hanuri,Xô Viết Nghệ Tĩnh,121 Xô Viết Nghệ Tĩnh,Bình Thạnh,Đồ ăn,Đồ nước; Đồ khô; Ăn vặt,Hàn Quốc,,,Đã xác minh,,https://hanuri.food/
18,hanuri,Hanuri,Điện Biên Phủ,531 Điện Biên Phủ,Quận 3,Đồ ăn,Đồ nước; Đồ khô; Ăn vặt,Hàn Quốc,,,Đã xác minh,,https://hanuri.food/
19,hanuri,Hanuri,Cộng Hòa,51 Cộng Hòa,Tân Bình,Đồ ăn,Đồ nước; Đồ khô; Ăn vặt,Hàn Quốc,,,Đã xác minh,,https://hanuri.food/
20,hanuri,Hanuri,Phan Văn Trị,530-532 Phan Văn Trị,Gò Vấp,Đồ ăn,Đồ nước; Đồ khô; Ăn vặt,Hàn Quốc,,,Đã xác minh,,https://hanuri.food/
21,busan-korean-food,Busan Korean Food,Gò Dầu,75 Gò Dầu,Tân Phú,Đồ ăn,Đồ nước; Đồ khô,Hàn Quốc,,,Đã xác minh,Chi nhánh tìm thấy trên bản đồ; nên kiểm tra lại trạng thái trước khi đi.,https://www.google.com/maps/search/?api=1&query=Busan+Korean+Food+75+G%C3%B2+D%E1%BA%A7u
22,busan-korean-food,Busan Korean Food,Nguyễn Duy Trinh,288 Nguyễn Duy Trinh,Thủ Đức,Đồ ăn,Đồ nước; Đồ khô,Hàn Quốc,,,Đã xác minh,Chi nhánh tìm thấy trên bản đồ; nên kiểm tra lại trạng thái trước khi đi.,https://www.google.com/maps/search/?api=1&query=Busan+Korean+Food+288+Nguy%E1%BB%85n+Duy+Trinh
23,busan-korean-food,Busan Korean Food,Nguyễn Thái Học,45/4 Nguyễn Thái Học,Quận 1,Đồ ăn,Đồ nước; Đồ khô,Hàn Quốc,,,Đã xác minh,Chi nhánh tìm thấy trên bản đồ; nên kiểm tra lại trạng thái trước khi đi.,https://www.google.com/maps/search/?api=1&query=Busan+Korean+Food+45%2F4+Nguy%E1%BB%85n+Th%C3%A1i+H%E1%BB%8Dc
24,busan-korean-food,Busan Korean Food,Hoàng Hoa Thám,124 Hoàng Hoa Thám,Tân Bình,Đồ ăn,Đồ nước; Đồ khô,Hàn Quốc,,,Đã xác minh,Chi nhánh tìm thấy trên bản đồ; nên kiểm tra lại trạng thái trước khi đi.,https://www.google.com/maps/search/?api=1&query=Busan+Korean+Food+124+Ho%C3%A0ng+Hoa+Th%C3%A1m
25,busan-korean-food,Busan Korean Food,Lê Văn Sỹ,346 Lê Văn Sỹ,Quận 3,Đồ ăn,Đồ nước; Đồ khô,Hàn Quốc,,,Đã xác minh,Chi nhánh tìm thấy trên bản đồ; nên kiểm tra lại trạng thái trước khi đi.,https://www.google.com/maps/search/?api=1&query=Busan+Korean+Food+346+L%C3%AA+V%C4%83n+S%E1%BB%B9
26,koi-the,KOI Thé,Hồ Tùng Mậu,108 Hồ Tùng Mậu,Quận 1,Đồ uống,,,,Trà sữa; Trà,Đã xác minh - chưa chắc đủ chi nhánh,,https://www.google.com/maps/search/?api=1&query=KOI+Th%C3%A9+108+H%E1%BB%93+T%C3%B9ng+M%E1%BA%ADu
27,koi-the,KOI Thé,Pasteur,120 Pasteur,Quận 1,Đồ uống,,,,Trà sữa; Trà,Đã xác minh - chưa chắc đủ chi nhánh,,https://www.google.com/maps/search/?api=1&query=KOI+Th%C3%A9+120+Pasteur
28,koi-the,KOI Thé,Riviera Point,"A-13, Riviera Point, Đường số 1",Quận 7,Đồ uống,,,,Trà sữa; Trà,Đã xác minh - chưa chắc đủ chi nhánh,,https://www.google.com/maps/search/?api=1&query=KOI+Th%C3%A9+A-13%2C+Riviera+Point%2C+%C4%90%C6%B0%E1%BB%9Dng+s%E1%BB%91+1
29,koi-the,KOI Thé,Nguyễn Văn Luông,249A1-249A2 Nguyễn Văn Luông,Quận 6,Đồ uống,,,,Trà sữa; Trà,Đã xác minh - chưa chắc đủ chi nhánh,,https://www.google.com/maps/search/?api=1&query=KOI+Th%C3%A9+249A1-249A2+Nguy%E1%BB%85n+V%C4%83n+Lu%C3%B4ng
30,koi-the,KOI Thé,Cao Thắng,46-48 Cao Thắng,Quận 3,Đồ uống,,,,Trà sữa; Trà,Đã xác minh - chưa chắc đủ chi nhánh,,https://www.google.com/maps/search/?api=1&query=KOI+Th%C3%A9+46-48+Cao+Th%E1%BA%AFng
31,koi-the,KOI Thé,Tân Sơn Nhì,400 Tân Sơn Nhì,Tân Phú,Đồ uống,,,,Trà sữa; Trà,Đã xác minh - chưa chắc đủ chi nhánh,,https://www.google.com/maps/search/?api=1&query=KOI+Th%C3%A9+400+T%C3%A2n+S%C6%A1n+Nh%C3%AC
32,hong-tra-tu-nam,Hồng Trà Từ Nam,Lê Văn Sỹ,256 Lê Văn Sỹ,Tân Bình,Đồ uống,,,,Trà; Trà sữa,Đã xác minh,,https://www.google.com/maps/search/?api=1&query=H%E1%BB%93ng+Tr%C3%A0+T%E1%BB%AB+Nam+256+L%C3%AA+V%C4%83n+S%E1%BB%B9
33,konomi-sushi,Konomi Sushi,Nguyễn Văn Thương,4A Hẻm 4 Nguyễn Văn Thương,Bình Thạnh,Đồ ăn,Đồ khô; Sushi,Nhật Bản,,,Đã xác minh,,https://www.google.com/maps/search/?api=1&query=Konomi+Sushi+4A+H%E1%BA%BBm+4+Nguy%E1%BB%85n+V%C4%83n+Th%C6%B0%C6%A1ng
34,bach-tuoc-nuong-cau-kieu,Bạch Tuộc Nướng Cầu Kiệu,Hai Bà Trưng,478/2A Hai Bà Trưng,Quận 1,Đồ ăn,Ăn vặt; Đồ nướng; Hải sản,Việt Nam,,,Đã xác minh,,https://www.foody.vn/ho-chi-minh/bach-tuoc-nuong-cau-kieu
35,bun-thit-nuong-hai-ang,Bún Thịt Nướng Hải Đăng,Chấn Hưng,149 Chấn Hưng,Tân Bình,Đồ ăn,Đồ khô; Bún thịt nướng,Việt Nam,,,Đã xác minh,,https://vinwonders.com/vi/wonderpedia/news/bun-thit-nuong-sai-gon/
36,ovenmaru-chicken,Ovenmaru Chicken,Điện Biên Phủ,187 Điện Biên Phủ,Quận 1,Đồ ăn,Đồ khô; Gà,Hàn Quốc,,,Đã xác minh,,https://www.google.com/maps/search/?api=1&query=Ovenmaru+Chicken+187+%C4%90i%E1%BB%87n+Bi%C3%AAn+Ph%E1%BB%A7
37,saewoo-bong-bong,Saewoo Bong Bong,Đặng Tiến Đông,"5A Đặng Tiến Đông, An Khánh",Thủ Đức,Đồ ăn,Đồ khô; Hải sản; Tôm,Hàn Quốc,,,Đã xác minh,,https://www.google.com/maps/search/?api=1&query=Saewoo+Bong+Bong+5A+%C4%90%E1%BA%B7ng+Ti%E1%BA%BFn+%C4%90%C3%B4ng%2C+An+Kh%C3%A1nh
38,pizza360,Pizza360,THISO Mall Sala,"L4-02A, THISO Mall Sala, 10 Mai Chí Thọ",Thủ Đức,Đồ ăn,Đồ khô; Pizza; Pasta; Buffet,Âu/Mỹ,,,Đã xác minh,Chỉ giữ chi nhánh THISO Mall theo yêu cầu của bạn.,https://thisomallsala.vn/vn/chi-tiet-cua-hang/pizza360-PIZZA360
39,com-tam-hem-33,Cơm Tấm Hẻm 33,Nguyễn Đình Chính,33/16 Nguyễn Đình Chính,Phú Nhuận,Đồ ăn,Đồ khô; Cơm tấm,Việt Nam,,,Đã xác minh,,https://www.google.com/maps/search/?api=1&query=C%C6%A1m+T%E1%BA%A5m+H%E1%BA%BBm+33+33%2F16+Nguy%E1%BB%85n+%C4%90%C3%ACnh+Ch%C3%ADnh
40,banh-canh-cua-hai-dau,Bánh Canh Cua Hai Dậu,Tân Hải,6 Tân Hải,Tân Bình,Đồ ăn,Đồ nước; Bánh canh,Việt Nam,,,Đã xác minh,,https://www.google.com/maps/search/?api=1&query=B%C3%A1nh+Canh+Cua+Hai+D%E1%BA%ADu+6+T%C3%A2n+H%E1%BA%A3i
41,banh-canh-cua-dung-rau,Bánh Canh Cua Dũng Râu,Đỗ Thị Lời,170 Đỗ Thị Lời,Quận 3,Đồ ăn,Đồ nước; Bánh canh cua,Việt Nam,,,Đã xác minh,Địa chỉ mới; quán trước đây từng bán ở Hoàng Sa.,https://tuoitre.vn/banh-canh-cua-dung-rau-45-000-dong-mot-to-ma-u-nu-6-loai-topping-20260508101127948.htm
42,fujiro,Fujiro,Thái Văn Lung,8A/8B1 Thái Văn Lung,Quận 1,Đồ ăn,Đồ khô; Tonkatsu,Nhật Bản,,,Đã xác minh,,https://www.google.com/maps/search/?api=1&query=Fujiro+8A%2F8B1+Th%C3%A1i+V%C4%83n+Lung
43,manuka-mee,Manuka.mee,Bình Thạnh,157/1A Nguyễn Gia Trí,Bình Thạnh,Bánh & tráng miệng,,,Kem; Tráng miệng,,Đã xác minh,,https://www.google.com/maps/search/?api=1&query=Manuka.mee+157%2F1A+Nguy%E1%BB%85n+Gia+Tr%C3%AD
44,manuka-mee,Manuka.mee,Thảo Điền,106 Xuân Thủy,Thủ Đức,Bánh & tráng miệng,,,Kem; Tráng miệng,,Đã xác minh,,https://www.google.com/maps/search/?api=1&query=Manuka.mee+106+Xu%C3%A2n+Th%E1%BB%A7y
45,manuka-mee,Manuka.mee,Sky Garden,58 Lê Văn Thiêm,Quận 7,Bánh & tráng miệng,,,Kem; Tráng miệng,,Đã xác minh,,https://www.google.com/maps/search/?api=1&query=Manuka.mee+58+L%C3%AA+V%C4%83n+Thi%C3%AAm
46,manuka-mee,Manuka.mee,Midtown,"Cửa hàng 30 khối C, Midtown, Nguyễn Văn Linh",Quận 7,Bánh & tráng miệng,,,Kem; Tráng miệng,,Đã xác minh,,https://www.google.com/maps/search/?api=1&query=Manuka.mee+C%E1%BB%ADa+h%C3%A0ng+30+kh%E1%BB%91i+C%2C+Midtown%2C+Nguy%E1%BB%85n+V%C4%83n+Linh
47,bo-by-butterman,Bơ by Butterman,Lê Thị Riêng,67 Lê Thị Riêng,Quận 1,Bánh & tráng miệng,,,Bánh ngọt; Cookies,,Đã xác minh,Website chính thức,https://www.bobybutterman.com/store.php
48,bo-by-butterman,Bơ by Butterman,Thích Quảng Đức,166/41A Thích Quảng Đức,Phú Nhuận,Bánh & tráng miệng,,,Bánh ngọt; Cookies,,Đã xác minh,Website chính thức,https://www.bobybutterman.com/store.php
49,bo-by-butterman,Bơ by Butterman,Nguyễn Gia Trí,112 Nguyễn Gia Trí,Bình Thạnh,Bánh & tráng miệng,,,Bánh ngọt; Cookies,,Cần kiểm tra thêm,Google Maps có điểm này nhưng website chính thức hiện chỉ liệt kê 2 cửa hàng.,https://www.google.com/maps/search/?api=1&query=B%C6%A1+by+Butterman+112+Nguy%E1%BB%85n+Gia+Tr%C3%AD
50,lo-nho-va-meo-canele,Lò Nhỏ và Mèo - Canele,Nguyễn Oanh,192/7 Nguyễn Oanh,Gò Vấp,Bánh & tráng miệng,,,Canele; Bánh ngọt,,Đã xác minh,,https://www.google.com/maps/search/?api=1&query=L%C3%B2+Nh%E1%BB%8F+v%C3%A0+M%C3%A8o+-+Canele+192%2F7+Nguy%E1%BB%85n+Oanh
51,com-ga-123,Cơm Gà 123,Tam Đảo,"CT7, đường Tam Đảo, Cư xá Bắc Hải",Quận 10,Đồ ăn,Đồ khô; Cơm gà; Mì xào,Việt/Trung,,,Đã xác minh,Bạn đã xác nhận đây là đúng quán tại CT7 đường Tam Đảo.,https://www.google.com/maps/search/?api=1&query=C%C6%A1m+G%C3%A0+123+CT7%2C+%C4%91%C6%B0%E1%BB%9Dng+Tam+%C4%90%E1%BA%A3o%2C+C%C6%B0+x%C3%A1+B%E1%BA%AFc+H%E1%BA%A3i
52,am-ca-phe,ấm cà phê,Lê Văn Sỹ,95/40 Lê Văn Sỹ,Phú Nhuận,Đồ uống,,,,Cafe,Đã xác minh,Đã sửa theo địa chỉ hiện tại; bạn xác nhận 95/40 Lê Văn Sỹ là đúng.,https://www.google.com/maps/search/?api=1&query=%E1%BA%A5m+c%C3%A0+ph%C3%AA+95%2F40+L%C3%AA+V%C4%83n+S%E1%BB%B9%2C+Ph%C3%BA+Nhu%E1%BA%ADn
53,banh-canh-bot-loc-quang,Bánh Canh Bột Lọc Quàng,Võ Văn Tần,416/1 Võ Văn Tần,Quận 3,Đồ ăn,Đồ nước; Bánh canh,Việt Nam,,,Đã xác minh,,https://www.foody.vn/ho-chi-minh/food/dia-diem?ds=Restaurant&q=b%C3%A1nh+canh+b%E1%BB%99t+l%E1%BB%8Dc
54,betsu-milk,Betsu Milk,Saigon Centre / Takashimaya,"L5-09, Tầng 5, Saigon Centre, 65 Lê Lợi",Quận 1,Bánh & tráng miệng,,Nhật Bản,Kem; Matcha; Tráng miệng,Matcha,Đã xác minh,,https://www.foody.vn/ho-chi-minh/betsu-milk-matcha-sweets
55,banh-cuon-nong-cao-bang,Bánh Cuốn Nóng Cao Bằng,Hưng Gia 1,"33 Khu phố Hưng Gia 1, Phú Mỹ Hưng",Quận 7,Đồ ăn,Đồ khô; Bánh cuốn,Việt Nam,,,Đã xác minh,,https://www.google.com/maps/search/?api=1&query=B%C3%A1nh+Cu%E1%BB%91n+N%C3%B3ng+Cao+B%E1%BA%B1ng+33+Khu+ph%E1%BB%91+H%C6%B0ng+Gia+1%2C+Ph%C3%BA+M%E1%BB%B9+H%C6%B0ng
56,yabai-ten-ramen,Yabai-Ten Ramen,Hoàng Sa,1119 Hoàng Sa,Quận 3,Đồ ăn,Đồ nước; Ramen,Nhật Bản,,,Đã xác minh,,https://www.google.com/maps/search/?api=1&query=Yabai-Ten+Ramen+1119+Ho%C3%A0ng+Sa
57,quan-thuy-linh,Quán Thùy Linh,Ung Văn Khiêm,57A Ung Văn Khiêm,Bình Thạnh,Đồ ăn,Lẩu; Đồ nướng; Hải sản; Món nhậu,Việt Nam,,,Đã xác minh,,https://www.foody.vn/ho-chi-minh/thuy-linh-lau-de-hai-san-57a-ung-van-khiem
58,oc-168,Ốc 168,Trường Sa,94 Trường Sa,Bình Thạnh,Đồ ăn,Hải sản; Ốc; Ăn vặt,Việt Nam,,,Đã xác minh,,https://www.google.com/maps/search/?api=1&query=%E1%BB%90c+168+94+Tr%C6%B0%E1%BB%9Dng+Sa
59,ngo-thai,Ngõ Thái,Quận 10,343/5 Tô Hiến Thành,Quận 10,Đồ ăn,Đồ khô; Đồ nước; Ăn vặt,Thái Lan,,,Đã xác minh,,https://www.google.com/maps/search/?api=1&query=Ng%C3%B5+Th%C3%A1i+343%2F5+T%C3%B4+Hi%E1%BA%BFn+Th%C3%A0nh
60,ngo-thai,Ngõ Thái,Bình Thạnh,126/6 Phan Xích Long,Bình Thạnh,Đồ ăn,Đồ khô; Đồ nước; Ăn vặt,Thái Lan,,,Đã xác minh,,https://www.google.com/maps/search/?api=1&query=Ng%C3%B5+Th%C3%A1i+126%2F6+Phan+X%C3%ADch+Long
61,ngo-thai,Ngõ Thái,An Hội Đông,48 Đường Số 1,Gò Vấp,Đồ ăn,Đồ khô; Đồ nước; Ăn vặt,Thái Lan,,,Đã xác minh,,https://www.google.com/maps/search/?api=1&query=Ng%C3%B5+Th%C3%A1i+48+%C4%90%C6%B0%E1%BB%9Dng+S%E1%BB%91+1
62,tiem-mi-no-ne,Tiệm Mì No Nê,Phạm Văn Bạch,23 Phạm Văn Bạch,Tân Bình,Đồ ăn,Đồ nước; Mì,Việt Nam,,,Đã xác minh,,https://www.google.com/maps/search/?api=1&query=Ti%E1%BB%87m+M%C3%AC+No+N%C3%AA+23+Ph%E1%BA%A1m+V%C4%83n+B%E1%BA%A1ch
63,bhc-chicken,BHC Chicken,Vincom Phan Văn Trị,"Vincom Plaza Phan Văn Trị, 12 Phan Văn Trị",Gò Vấp,Đồ ăn,Đồ khô; Gà rán,Hàn Quốc,,,Đã xác minh,"Cửa hàng đầu tiên của BHC tại Việt Nam, khai trương 12/09/2026.",https://vi.yna.co.kr/view/AVI20260915000400880
64,texas-chicken,Texas Chicken,Lê Đại Hành,195 Lê Đại Hành,Quận 11,Đồ ăn,Đồ khô; Gà rán; Fast food,Âu/Mỹ,,,Đã xác minh - chưa chắc đủ chi nhánh,,https://www.google.com/maps/search/?api=1&query=Texas+Chicken+195+L%C3%AA+%C4%90%E1%BA%A1i+H%C3%A0nh
65,texas-chicken,Texas Chicken,Nguyễn Văn Cừ,217 Nguyễn Văn Cừ,Quận 5,Đồ ăn,Đồ khô; Gà rán; Fast food,Âu/Mỹ,,,Đã xác minh - chưa chắc đủ chi nhánh,,https://www.google.com/maps/search/?api=1&query=Texas+Chicken+217+Nguy%E1%BB%85n+V%C4%83n+C%E1%BB%AB
66,texas-chicken,Texas Chicken,Nguyễn Thị Tú,42-44 Nguyễn Thị Tú,Bình Tân,Đồ ăn,Đồ khô; Gà rán; Fast food,Âu/Mỹ,,,Đã xác minh - chưa chắc đủ chi nhánh,,https://www.google.com/maps/search/?api=1&query=Texas+Chicken+42-44+Nguy%E1%BB%85n+Th%E1%BB%8B+T%C3%BA
67,texas-chicken,Texas Chicken,Nguyễn Thái Học,113 Nguyễn Thái Học,Quận 1,Đồ ăn,Đồ khô; Gà rán; Fast food,Âu/Mỹ,,,Đã xác minh - chưa chắc đủ chi nhánh,,https://www.google.com/maps/search/?api=1&query=Texas+Chicken+113+Nguy%E1%BB%85n+Th%C3%A1i+H%E1%BB%8Dc
68,baoz-dimsum,Baoz Dimsum,The Garden Mall,"190 Hồng Bàng, The Garden Mall",Quận 5,Đồ ăn,Đồ khô; Dimsum,Trung Quốc,,,Đã xác minh,,https://www.google.com/maps/search/?api=1&query=Baoz+Dimsum+190+H%E1%BB%93ng+B%C3%A0ng%2C+The+Garden+Mall
69,baoz-dimsum,Baoz Dimsum,Lê Đại Hành,295-297-299 Lê Đại Hành,Quận 11,Đồ ăn,Đồ khô; Dimsum,Trung Quốc,,,Đã xác minh,,https://www.google.com/maps/search/?api=1&query=Baoz+Dimsum+295-297-299+L%C3%AA+%C4%90%E1%BA%A1i+H%C3%A0nh
70,baoz-dimsum,Baoz Dimsum,Nguyễn Tri Phương,82-84-86-88 Nguyễn Tri Phương,Quận 5,Đồ ăn,Đồ khô; Dimsum,Trung Quốc,,,Đã xác minh,,https://www.google.com/maps/search/?api=1&query=Baoz+Dimsum+82-84-86-88+Nguy%E1%BB%85n+Tri+Ph%C6%B0%C6%A1ng
71,isushi,iSushi,Hùng Vương Plaza,"126 Hồng Bàng, Hùng Vương Plaza",Quận 5,Đồ ăn,Đồ khô; Sushi; Buffet,Nhật Bản,,,Đã xác minh - chưa chắc đủ chi nhánh,,https://www.google.com/maps/search/?api=1&query=iSushi+126+H%E1%BB%93ng+B%C3%A0ng%2C+H%C3%B9ng+V%C6%B0%C6%A1ng+Plaza
72,isushi,iSushi,Thiso Mall,"53 Hoàng Thế Thiện, Thiso Mall",Thủ Đức,Đồ ăn,Đồ khô; Sushi; Buffet,Nhật Bản,,,Đã xác minh - chưa chắc đủ chi nhánh,,https://www.google.com/maps/search/?api=1&query=iSushi+53+Ho%C3%A0ng+Th%E1%BA%BF+Thi%E1%BB%87n%2C+Thiso+Mall
73,isushi,iSushi,Vincom Đồng Khởi,"B3-17, Vincom Center Đồng Khởi, 72 Lê Thánh Tôn",Quận 1,Đồ ăn,Đồ khô; Sushi; Buffet,Nhật Bản,,,Đã xác minh - chưa chắc đủ chi nhánh,,https://www.google.com/maps/search/?api=1&query=iSushi+B3-17%2C+Vincom+Center+%C4%90%E1%BB%93ng+Kh%E1%BB%9Fi%2C+72+L%C3%AA+Th%C3%A1nh+T%C3%B4n
74,isushi,iSushi,Phan Xích Long,191 Phan Xích Long,Phú Nhuận,Đồ ăn,Đồ khô; Sushi; Buffet,Nhật Bản,,,Đã xác minh - chưa chắc đủ chi nhánh,,https://www.google.com/maps/search/?api=1&query=iSushi+191+Phan+X%C3%ADch+Long
75,xuong-mi-quoc-te,Xưởng Mì Quốc Tế,Huỳnh Văn Bánh,525/72 Huỳnh Văn Bánh,Phú Nhuận,Đồ ăn,Đồ nước; Mì,Quốc tế,,,Đã xác minh,,https://www.google.com/maps/search/?api=1&query=X%C6%B0%E1%BB%9Fng+M%C3%AC+Qu%E1%BB%91c+T%E1%BA%BF+525%2F72+Hu%E1%BB%B3nh+V%C4%83n+B%C3%A1nh
76,meili-mi-bo-ai-loan,Meili 美丽 - Mì Bò Đài Loan,Mai Văn Vĩnh,2B Mai Văn Vĩnh,Quận 7,Đồ ăn,Đồ nước; Mì bò,Trung Quốc/Đài Loan,,,Đã xác minh,,https://www.google.com/maps/search/?api=1&query=Meili+%E7%BE%8E%E4%B8%BD+-+M%C3%AC+B%C3%B2+%C4%90%C3%A0i+Loan+2B+Mai+V%C4%83n+V%C4%A9nh
77,meili-mi-bo-ai-loan,Meili 美丽 - Mì Bò Đài Loan,Nguyễn Văn Khối,213 Nguyễn Văn Khối,Gò Vấp,Đồ ăn,Đồ nước; Mì bò,Trung Quốc/Đài Loan,,,Đã xác minh,,https://www.google.com/maps/search/?api=1&query=Meili+%E7%BE%8E%E4%B8%BD+-+M%C3%AC+B%C3%B2+%C4%90%C3%A0i+Loan+213+Nguy%E1%BB%85n+V%C4%83n+Kh%E1%BB%91i
78,meili-mi-bo-ai-loan,Meili 美丽 - Mì Bò Đài Loan,Nhiêu Tứ,40A Nhiêu Tứ,Phú Nhuận,Đồ ăn,Đồ nước; Mì bò,Trung Quốc/Đài Loan,,,Đã xác minh,,https://www.google.com/maps/search/?api=1&query=Meili+%E7%BE%8E%E4%B8%BD+-+M%C3%AC+B%C3%B2+%C4%90%C3%A0i+Loan+40A+Nhi%C3%AAu+T%E1%BB%A9
79,meili-mi-bo-ai-loan,Meili 美丽 - Mì Bò Đài Loan,Ung Văn Khiêm,31/34 Ung Văn Khiêm,Bình Thạnh,Đồ ăn,Đồ nước; Mì bò,Trung Quốc/Đài Loan,,,Đã xác minh,,https://www.google.com/maps/search/?api=1&query=Meili+%E7%BE%8E%E4%B8%BD+-+M%C3%AC+B%C3%B2+%C4%90%C3%A0i+Loan+31%2F34+Ung+V%C4%83n+Khi%C3%AAm
80,renge-ramen,Renge Ramen,Nguyễn Hồng Đào,157 Nguyễn Hồng Đào,Tân Bình,Đồ ăn,Đồ nước; Ramen,Nhật Bản,,,Đã xác minh,,https://www.rengeramen.vn/
81,hem-fast-food-2,Hẻm Fast Food 2,Nguyễn Cư Trinh,75 Nguyễn Cư Trinh,Quận 1,Đồ ăn,Đồ khô; Ăn vặt; Fast food,Việt Nam,,,Đã xác minh,,https://www.google.com/maps/search/?api=1&query=H%E1%BA%BBm+Fast+Food+2+75+Nguy%E1%BB%85n+C%C6%B0+Trinh
82,me-thai,Mê Thái,Thành Thái,190 Thành Thái,Quận 10,Đồ ăn,Đồ nước; Đồ khô; Lẩu,Thái Lan,,,Đã xác minh,,https://www.google.com/maps/search/?api=1&query=M%C3%AA+Th%C3%A1i+190+Th%C3%A0nh+Th%C3%A1i
83,marugame-marukame-udon,Marugame / Marukame Udon,Bến Thành,215 Lý Tự Trọng,Quận 1,Đồ ăn,Đồ nước; Udon; Tempura,Nhật Bản,,,Đã xác minh,,https://marukameudon.com/
84,marugame-marukame-udon,Marugame / Marukame Udon,Thảo Điền,27 Thảo Điền,Thủ Đức,Đồ ăn,Đồ nước; Udon; Tempura,Nhật Bản,,,Đã xác minh,,https://marukameudon.com/
85,marugame-marukame-udon,Marugame / Marukame Udon,AEON Tân Phú,"Tầng 3, AEON Mall Tân Phú, 30 Tân Thắng",Tân Phú,Đồ ăn,Đồ nước; Udon; Tempura,Nhật Bản,,,Đã xác minh,,https://marukameudon.com/
86,marugame-marukame-udon,Marugame / Marukame Udon,Vincom Đồng Khởi,"Vincom Center Đồng Khởi, 72 Lê Thánh Tôn",Quận 1,Đồ ăn,Đồ nước; Udon; Tempura,Nhật Bản,,,Đã xác minh,,https://marukameudon.com/
87,cutlet-spring,Cutlet Spring,An Khánh,"6A Đường Số 9, An Khánh",Thủ Đức,Đồ ăn,Đồ khô; Tonkatsu,Hàn/Nhật,,,Đã xác minh,Tên Hàn: 봄돈까스; chuyên cutlet/tonkatsu.,https://www.google.com/maps/search/?api=1&query=Cutlet+Spring+6A+%C4%90%C6%B0%E1%BB%9Dng+S%E1%BB%91+9%2C+An+Kh%C3%A1nh
88,eddie-s-new-york-deli-diner,Eddie's New York Deli & Diner,District 1,73 Pasteur,Quận 1,Đồ ăn,Đồ khô; Burger; Pizza; Diner,Âu/Mỹ,,,Đã xác minh,,https://www.google.com/maps/search/?api=1&query=Eddie%27s+New+York+Deli+%26+Diner+73+Pasteur
89,eddie-s-new-york-deli-diner,Eddie's New York Deli & Diner,Thảo Điền,71 Thảo Điền,Thủ Đức,Đồ ăn,Đồ khô; Burger; Pizza; Diner,Âu/Mỹ,,,Đã xác minh,,https://www.google.com/maps/search/?api=1&query=Eddie%27s+New+York+Deli+%26+Diner+71+Th%E1%BA%A3o+%C4%90i%E1%BB%81n
90,eddie-s-new-york-deli-diner,Eddie's New York Deli & Diner,District 7,408 Phạm Thái Bường,Quận 7,Đồ ăn,Đồ khô; Burger; Pizza; Diner,Âu/Mỹ,,,Đã xác minh,,https://www.google.com/maps/search/?api=1&query=Eddie%27s+New+York+Deli+%26+Diner+408+Ph%E1%BA%A1m+Th%C3%A1i+B%C6%B0%E1%BB%9Dng
91,pizza-whassup,Pizza Whassup,Phú Nhuận,221C Nguyễn Trọng Tuyển,Phú Nhuận,Đồ ăn,Đồ khô; Pizza; Fast food,Hàn Quốc,,,Đã xác minh,,https://www.foody.vn/ho-chi-minh/pizza-whassup-phu-nhuan
92,pho-ga-bao-khanh,Phở Gà Bảo Khánh,3 Tháng 2,136 Đường 3 Tháng 2,Quận 10,Đồ ăn,Đồ nước; Phở gà,Việt Nam,,,Đã xác minh,,https://www.google.com/maps/search/?api=1&query=Ph%E1%BB%9F+G%C3%A0+B%E1%BA%A3o+Kh%C3%A1nh+136+%C4%90%C6%B0%E1%BB%9Dng+3+Th%C3%A1ng+2
93,pho-ga-bao-khanh,Phở Gà Bảo Khánh,Trần Hưng Đạo,164Bis Trần Hưng Đạo,Quận 1,Đồ ăn,Đồ nước; Phở gà,Việt Nam,,,Đã xác minh,,https://www.google.com/maps/search/?api=1&query=Ph%E1%BB%9F+G%C3%A0+B%E1%BA%A3o+Kh%C3%A1nh+164Bis+Tr%E1%BA%A7n+H%C6%B0ng+%C4%90%E1%BA%A1o
94,pho-mien-ga-ky-ong,Phở Miến Gà Kỳ Đồng,Kỳ Đồng,14/5Bis Kỳ Đồng,Quận 3,Đồ ăn,Đồ nước; Phở; Miến gà,Việt Nam,,,Đã xác minh,,https://guide.michelin.com/us/en/ho-chi-minh/ho-chi-minh_2978179/restaurant/pho-mien-ga-ky-%C4%91ong
95,pho-anh,Phở Anh,Kỳ Đồng,8 Kỳ Đồng,Quận 3,Đồ ăn,Đồ nước; Phở,Việt Nam,,,Đã xác minh,,https://www.google.com/maps/search/?api=1&query=Ph%E1%BB%9F+Anh+8+K%E1%BB%B3+%C4%90%E1%BB%93ng
96,sukiya,SUKIYA,AEON Bình Tân,"Tầng 3 AEON Bình Tân, Đường số 17A",Bình Tân,Đồ ăn,Đồ khô; Cơm bò; Đồ nước,Nhật Bản,,,Đã xác minh,,https://www.sukiya.com.vn/store/
97,sukiya,SUKIYA,Crescent Mall,"Tầng 5 Crescent Mall, 101 Tôn Dật Tiên",Quận 7,Đồ ăn,Đồ khô; Cơm bò; Đồ nước,Nhật Bản,,,Đã xác minh,,https://www.sukiya.com.vn/store/
98,sukiya,SUKIYA,Lý Thái Tổ,366 Lý Thái Tổ,Quận 10,Đồ ăn,Đồ khô; Cơm bò; Đồ nước,Nhật Bản,,,Đã xác minh,,https://www.sukiya.com.vn/store/
99,sukiya,SUKIYA,Pasteur,224C Pasteur,Quận 3,Đồ ăn,Đồ khô; Cơm bò; Đồ nước,Nhật Bản,,,Đã xác minh,,https://www.sukiya.com.vn/store/
100,sukiya,SUKIYA,Kênh Tân Hóa,237/36 Trịnh Đình Trọng,Tân Phú,Đồ ăn,Đồ khô; Cơm bò; Đồ nước,Nhật Bản,,,Đã xác minh,,https://www.sukiya.com.vn/store/
101,sukiya,SUKIYA,Vincom Lê Văn Việt,"Tầng 4 Vincom Lê Văn Việt, 50 Lê Văn Việt",Thủ Đức,Đồ ăn,Đồ khô; Cơm bò; Đồ nước,Nhật Bản,,,Đã xác minh,,https://www.sukiya.com.vn/store/
102,sukiya,SUKIYA,Giga Mall,"B1 Giga Mall, 240-242 Phạm Văn Đồng",Thủ Đức,Đồ ăn,Đồ khô; Cơm bò; Đồ nước,Nhật Bản,,,Đã xác minh,,https://www.sukiya.com.vn/store/
103,sukiya,SUKIYA,Tạ Quang Bửu,860 Tạ Quang Bửu,Quận 8,Đồ ăn,Đồ khô; Cơm bò; Đồ nước,Nhật Bản,,,Đã xác minh,,https://www.sukiya.com.vn/store/
104,sukiya,SUKIYA,Song Hành,"2 Song Hành, An Khánh",Thủ Đức,Đồ ăn,Đồ khô; Cơm bò; Đồ nước,Nhật Bản,,,Đã xác minh,,https://www.sukiya.com.vn/store/
105,sukiya,SUKIYA,Phan Xích Long,204 (137) Phan Xích Long,Phú Nhuận,Đồ ăn,Đồ khô; Cơm bò; Đồ nước,Nhật Bản,,,Đã xác minh,,https://www.sukiya.com.vn/store/
106,sukiya,SUKIYA,Vivo City,"Tầng 4 SC VivoCity, 1058 Nguyễn Văn Linh",Quận 7,Đồ ăn,Đồ khô; Cơm bò; Đồ nước,Nhật Bản,,,Đã xác minh,,https://www.sukiya.com.vn/store/
107,sukiya,SUKIYA,Bàu Cát,118 Bàu Cát,Tân Bình,Đồ ăn,Đồ khô; Cơm bò; Đồ nước,Nhật Bản,,,Đã xác minh,,https://www.sukiya.com.vn/store/
108,sukiya,SUKIYA,Lê Văn Quới,262 Lê Văn Quới,Bình Tân,Đồ ăn,Đồ khô; Cơm bò; Đồ nước,Nhật Bản,,,Đã xác minh,,https://www.sukiya.com.vn/store/
109,sukiya,SUKIYA,Lotte Mart Gò Vấp,"Tầng 1 Lotte Mart Gò Vấp, 18 Phan Văn Trị",Gò Vấp,Đồ ăn,Đồ khô; Cơm bò; Đồ nước,Nhật Bản,,,Đã xác minh,,https://www.sukiya.com.vn/store/
110,sukiya,SUKIYA,Vincom Mega Mall Grand Park,"L4-04, Vincom Mega Mall Grand Park, 88 Phước Thiện",Thủ Đức,Đồ ăn,Đồ khô; Cơm bò; Đồ nước,Nhật Bản,,,Đã xác minh,,https://www.sukiya.com.vn/store/
111,sukiya,SUKIYA,Lê Văn Sỹ,236K Lê Văn Sỹ,Tân Bình,Đồ ăn,Đồ khô; Cơm bò; Đồ nước,Nhật Bản,,,Đã xác minh,,https://www.sukiya.com.vn/store/
112,sukiya,SUKIYA,Nguyễn Ảnh Thủ,8A Nguyễn Ảnh Thủ,Quận 12,Đồ ăn,Đồ khô; Cơm bò; Đồ nước,Nhật Bản,,,Đã xác minh,,https://www.sukiya.com.vn/store/
113,sukiya,SUKIYA,Nguyễn Gia Trí,124 Nguyễn Gia Trí,Bình Thạnh,Đồ ăn,Đồ khô; Cơm bò; Đồ nước,Nhật Bản,,,Đã xác minh,,https://www.sukiya.com.vn/store/
114,sukiya,SUKIYA,Phan Văn Trị,455-457 Phan Văn Trị,Gò Vấp,Đồ ăn,Đồ khô; Cơm bò; Đồ nước,Nhật Bản,,,Đã xác minh,,https://www.sukiya.com.vn/store/
115,sukiya,SUKIYA,Đỗ Xuân Hợp,379 Đỗ Xuân Hợp,Thủ Đức,Đồ ăn,Đồ khô; Cơm bò; Đồ nước,Nhật Bản,,,Đã xác minh,,https://www.sukiya.com.vn/store/
116,sukiya,SUKIYA,Lê Thánh Tôn,10B Thái Văn Lung,Quận 1,Đồ ăn,Đồ khô; Cơm bò; Đồ nước,Nhật Bản,,,Đã xác minh,,https://www.sukiya.com.vn/store/
117,mi-cay-sasin,Mì Cay Sasin,Nguyễn Sơn,338 Nguyễn Sơn,Tân Phú,Đồ ăn,Đồ nước; Mì cay,Hàn Quốc,,,Đã xác minh - chưa chắc đủ chi nhánh,,https://www.google.com/maps/search/?api=1&query=M%C3%AC+Cay+Sasin+338+Nguy%E1%BB%85n+S%C6%A1n
118,mi-cay-sasin,Mì Cay Sasin,Tô Hiến Thành,251 Tô Hiến Thành,Quận 10,Đồ ăn,Đồ nước; Mì cay,Hàn Quốc,,,Đã xác minh - chưa chắc đủ chi nhánh,,https://www.google.com/maps/search/?api=1&query=M%C3%AC+Cay+Sasin+251+T%C3%B4+Hi%E1%BA%BFn+Th%C3%A0nh
119,dookki,Dookki,Bình Thạnh,139-141 Nguyễn Gia Trí,Bình Thạnh,Đồ ăn,Lẩu; Buffet; Tokbokki,Hàn Quốc,,,Đã xác minh,,https://dookkivietnam.vn/
120,dookki,Dookki,Lotte Mart Cộng Hòa,Tầng 2 Lotte Mart Cộng Hòa,Tân Bình,Đồ ăn,Lẩu; Buffet; Tokbokki,Hàn Quốc,,,Đã xác minh,,https://dookkivietnam.vn/
121,dookki,Dookki,Vạn Hạnh Mall,Tầng 6 Vạn Hạnh Mall,Quận 10,Đồ ăn,Lẩu; Buffet; Tokbokki,Hàn Quốc,,,Đã xác minh,,https://dookkivietnam.vn/
122,dookki,Dookki,Vincom Thủ Đức,"Tầng 4 Vincom Thủ Đức, 216 Võ Văn Ngân",Thủ Đức,Đồ ăn,Lẩu; Buffet; Tokbokki,Hàn Quốc,,,Đã xác minh,,https://dookkivietnam.vn/
123,dookki,Dookki,Vincom Thảo Điền,"Tầng 5 Vincom Thảo Điền, 161 Xa Lộ Hà Nội",Thủ Đức,Đồ ăn,Lẩu; Buffet; Tokbokki,Hàn Quốc,,,Đã xác minh,,https://dookkivietnam.vn/
124,dookki,Dookki,Vincom Gò Vấp,"Tầng 4 Vincom Gò Vấp, 12 Phan Văn Trị",Gò Vấp,Đồ ăn,Lẩu; Buffet; Tokbokki,Hàn Quốc,,,Đã xác minh,,https://dookkivietnam.vn/
125,dookki,Dookki,Nowzone,"Tầng 4 Nowzone, 235 Nguyễn Văn Cừ",Quận 1,Đồ ăn,Lẩu; Buffet; Tokbokki,Hàn Quốc,,,Đã xác minh,,https://dookkivietnam.vn/
126,dookki,Dookki,Satra Phạm Hùng,"Lầu 3 Satra Phạm Hùng, C6/27 Phạm Hùng",Bình Chánh,Đồ ăn,Lẩu; Buffet; Tokbokki,Hàn Quốc,,,Đã xác minh,,https://dookkivietnam.vn/
127,dookki,Dookki,SC VivoCity,"Tầng 3 SC VivoCity, 1058 Nguyễn Văn Linh",Quận 7,Đồ ăn,Lẩu; Buffet; Tokbokki,Hàn Quốc,,,Đã xác minh,,https://dookkivietnam.vn/
128,pepper-lunch,Pepper Lunch,Saigon Centre,"Saigon Centre, 65 Lê Lợi",Quận 1,Đồ ăn,Đồ khô; Cơm; Steak,Nhật Bản,,,Đã xác minh - chưa chắc đủ chi nhánh,,https://www.google.com/maps/search/?api=1&query=Pepper+Lunch+Saigon+Centre%2C+65+L%C3%AA+L%E1%BB%A3i
129,pepper-lunch,Pepper Lunch,AEON Bình Tân,"Tầng 2 AEON Mall Bình Tân, 1 Đường Số 17A",Bình Tân,Đồ ăn,Đồ khô; Cơm; Steak,Nhật Bản,,,Đã xác minh - chưa chắc đủ chi nhánh,,https://www.google.com/maps/search/?api=1&query=Pepper+Lunch+T%E1%BA%A7ng+2+AEON+Mall+B%C3%ACnh+T%C3%A2n%2C+1+%C4%90%C6%B0%E1%BB%9Dng+S%E1%BB%91+17A
130,pepper-lunch,Pepper Lunch,AEON Tân Phú,"AEON Mall Tân Phú, 30 Tân Thắng",Tân Phú,Đồ ăn,Đồ khô; Cơm; Steak,Nhật Bản,,,Đã xác minh - chưa chắc đủ chi nhánh,,https://www.google.com/maps/search/?api=1&query=Pepper+Lunch+AEON+Mall+T%C3%A2n+Ph%C3%BA%2C+30+T%C3%A2n+Th%E1%BA%AFng
131,bun-bo-bo-ke-hoang-sa,Bún Bò Bờ Kè Hoàng Sa,Hoàng Sa,725 Hoàng Sa,Quận 3,Đồ ăn,Đồ nước; Bún bò,Việt Nam,,,Đã xác minh,Bạn đã xác nhận đúng quán.,https://www.google.com/maps/search/?api=1&query=B%C3%BAn+B%C3%B2+B%E1%BB%9D+K%C3%A8+Ho%C3%A0ng+Sa+725+Ho%C3%A0ng+Sa%2C+Qu%E1%BA%ADn+3
132,com-tam-em-bo-ke,Cơm Tấm Đêm Bờ Kè,Trường Sa,244-246 Trường Sa,Bình Thạnh,Đồ ăn,Đồ khô; Cơm tấm,Việt Nam,,,Đã xác minh,Bạn đã xác nhận đúng quán 'cơm tấm bờ kè'.,https://www.google.com/maps/search/?api=1&query=C%C6%A1m+T%E1%BA%A5m+%C4%90%C3%AAm+B%E1%BB%9D+K%C3%A8+244-246+Tr%C6%B0%E1%BB%9Dng+Sa%2C+B%C3%ACnh+Th%E1%BA%A1nh
133,pastrypost-tphcm,pastrypost_tphcm,Phùng Văn Cung,26 Phùng Văn Cung,Phú Nhuận,Bánh & tráng miệng,,,Bánh ngọt; Pastry,,Đã xác minh theo bạn,Giữ nguyên địa chỉ bạn đã cung cấp.,https://www.google.com/maps/search/?api=1&query=pastrypost_tphcm+26+Ph%C3%B9ng+V%C4%83n+Cung%2C+Ph%C3%BA+Nhu%E1%BA%ADn
134,de-frites,De Frites,Âu Cơ,Đường Âu Cơ,Tân Phú,Đồ ăn,Đồ khô; Ăn vặt; Khoai tây chiên,Âu/Mỹ,,,Đã xác minh theo bạn,Giữ địa chỉ ở mức đường Âu Cơ theo yêu cầu.,https://www.google.com/maps/search/?api=1&query=De+Frites+%C3%82u+C%C6%A1%2C+T%C3%A2n+Ph%C3%BA
135,bun-bo-hue-hanh,Bún Bò Huế Hạnh,Bành Văn Trân,"135 Bành Văn Trân, P. Tân Sơn Nhất",Tân Bình,Đồ ăn,Đồ nước; Bún bò,Việt Nam,,,Đã xác minh theo bạn,"Bạn xác nhận địa chỉ 135 Bành Văn Trân, phường Tân Sơn Nhất.",https://www.google.com/maps/search/?api=1&query=B%C3%BAn+B%C3%B2+Hu%E1%BA%BF+H%E1%BA%A1nh+135+B%C3%A0nh+V%C4%83n+Tr%C3%A2n%2C+T%C3%A2n+S%C6%A1n+Nh%E1%BA%A5t%2C+TP.HCM
136,tra-sua-monguxiu,Trà sữa Monguxiu,Vĩnh Viễn,"60/6 Vĩnh Viễn, P. Vườn Lài",Quận 10,Đồ uống,,,,Trà sữa,Đã xác minh theo bạn,Bạn đã trực tiếp kiểm tra địa chỉ này.,https://www.google.com/maps/search/?api=1&query=Tr%C3%A0+s%E1%BB%AFa+Monguxiu+60%2F6+V%C4%A9nh+Vi%E1%BB%85n%2C+TP.HCM
137,mochi-sweets,Mochi Sweets,Takashimaya / Saigon Centre,"Saigon Centre, 65 Lê Lợi",Quận 1,Bánh & tráng miệng,,Nhật Bản,Mochi; Tráng miệng,,Đã xác minh theo bạn,Quầy mochi bạn nhắc tới ở Takashimaya.,https://www.google.com/maps/search/?api=1&query=Mochi+Sweets+Takashimaya+Saigon+Centre
138,bun-bo-nha-con-ngan,Bún bò nhà con Ngân,Hoàng Sa,997 Hoàng Sa,Quận 3,Đồ ăn,Đồ nước; Bún bò,Việt Nam,,,Đã xác minh theo bạn,Bạn xác nhận đúng vị trí. Google Maps hiện có thể hiển thị tên 'Bún bò O Huyền'.,https://www.google.com/maps/search/?api=1&query=B%C3%BAn+b%C3%B2+997+Ho%C3%A0ng+Sa%2C+Qu%E1%BA%ADn+3
139,tiem-my-y-1998,Tiệm Mỳ Ý 1998,Trần Bình Trọng,58 Trần Bình Trọng,Quận 5,Đồ ăn,Đồ khô; Mì Ý; Pasta,Âu/Mỹ,,,Đã xác minh theo bạn,Tên bạn gửi: Tiệm Mì Mý 1998; bạn xác nhận kết quả 58 Trần Bình Trọng.,https://www.google.com/maps/search/?api=1&query=Ti%E1%BB%87m+M%E1%BB%B3+%C3%9D+1998+58+Tr%E1%BA%A7n+B%C3%ACnh+Tr%E1%BB%8Dng%2C+TP.HCM
140,mixue,Mixue,Nguyễn Ảnh Thủ,18/7 Đ. Nguyễn Ảnh Thủ,Quận 12,Đồ ăn,Ăn vặt,,Kem,Trà sữa,Đã cập nhật,"Kem, Trà sữa bá khí",
